,"Number of
transactions","Sales
price",Basis,Gain,Year,Type,type,
Total:,56278618.00,1629577463.00,1500094730.00,151384735.00,1999.00,Gains,Total:,
Under 1 month,21906948.00,505446026.00,467239296.00,38070249.00,1999.00,Gains,Under 1 month,
1 month under 2 months,5719128.00,102787609.00,87728162.00,15173090.00,1999.00,Gains,1 month under 2 months,
2 months under 3 months,3513013.00,51850020.00,43488544.00,8355138.00,1999.00,Gains,2 months under 3 months,
3 months under 4 months,2746662.00,35220535.00,28299441.00,6926654.00,1999.00,Gains,3 months under 4 months,
4 months under 5 months,2297810.00,28143257.00,22492759.00,5655199.00,1999.00,Gains,4 months under 5 months,
5 months under 6 months,1894808.00,21114627.00,16672911.00,4428932.00,1999.00,Gains,5 months under 6 months,
6 months under 7 months,1879869.00,28059306.00,23107892.00,4949195.00,1999.00,Gains,6 months under 7 months,
7 months under 8 months,1702413.00,28502662.00,23872897.00,4589877.00,1999.00,Gains,7 months under 8 months,
8 months under 9 months,1409492.00,18443227.00,14721904.00,3719478.00,1999.00,Gains,8 months under 9 months,
9 months under 10 months,1289889.00,15255265.00,12233111.00,3083332.00,1999.00,Gains,9 months under 10 months,
10 months under 11 months,1235907.00,12851906.00,9919787.00,2930056.00,1999.00,Gains,10 months under 11 months,
11 months under 12 months,1180179.00,16729027.00,14027544.00,2716522.00,1999.00,Gains,11 months under 12 months,
1 year or more [2],482854.00,19704636.00,18251353.00,1486466.00,1999.00,Gains,1 year or more [2],
Holding period not determinable,9019646.00,745469360.00,718039129.00,49300547.00,1999.00,Gains,Holding period not determinable,
Long-term transactions,,,,,1999.00,Gains,Long-term transactions,
Total:,63670827.00,877350118.00,493062665.00,557307623.00,1999.00,Gains,Total:,
Under 18 months [3],6417221.00,84419936.00,58451149.00,25914863.00,1999.00,Gains,Under 18 months [3],
18 months under 2 years,3697462.00,59723191.00,40252039.00,19169464.00,1999.00,Gains,18 months under 2 years,
2 years under 3 years,5355010.00,80266130.00,49955276.00,29590698.00,1999.00,Gains,2 years under 3 years,
3 years under 4 years,3485701.00,57330373.00,32460642.00,23744318.00,1999.00,Gains,3 years under 4 years,
4 years under 5 years,2430487.00,47709734.00,29032297.00,18115942.00,1999.00,Gains,4 years under 5 years,
5 years under 10 years,5879245.00,123364112.00,72218381.00,47128418.00,1999.00,Gains,5 years under 10 years,
10 years under 15 years,1900903.00,59947494.00,29618198.00,29027549.00,1999.00,Gains,10 years under 15 years,
15 years under 20 years,1007142.00,34887073.00,12838414.00,18688312.00,1999.00,Gains,15 years under 20 years,
20 years or more,1173384.00,63464111.00,20168402.00,36755158.00,1999.00,Gains,20 years or more,
Holding period not determinable,32324272.00,266237964.00,148067867.00,309172901.00,1999.00,Gains,Holding period not determinable,
Total:,37527247.00,967825949.00,1072494816.00,112572195.00,1999.00,Losses,Total:,
Under 1 month,12023320.00,226664520.00,247999216.00,21372259.00,1999.00,Losses,Under 1 month,
1 month under 2 months,3714635.00,41456385.00,51998141.00,10487793.00,1999.00,Losses,1 month under 2 months,
2 months under 3 months,2479363.00,25396163.00,31413291.00,6016826.00,1999.00,Losses,2 months under 3 months,
3 months under 4 months,2284244.00,22920015.00,28864914.00,5945640.00,1999.00,Losses,3 months under 4 months,
4 months under 5 months,1958003.00,20074415.00,27273674.00,7162427.00,1999.00,Losses,4 months under 5 months,
5 months under 6 months,1685069.00,17007078.00,21868583.00,4869716.00,1999.00,Losses,5 months under 6 months,
6 months under 7 months,1537833.00,15034374.00,18491163.00,3458571.00,1999.00,Losses,6 months under 7 months,
7 months under 8 months,1442807.00,17004672.00,20961053.00,3958450.00,1999.00,Losses,7 months under 8 months,
8 months under 9 months,1288366.00,10048776.00,13066837.00,3015066.00,1999.00,Losses,8 months under 9 months,
9 months under 10 months,1148776.00,11145670.00,13849719.00,2704259.00,1999.00,Losses,9 months under 10 months,
10 months under 11 months,1152997.00,10307096.00,13097959.00,2795495.00,1999.00,Losses,10 months under 11 months,
11 months under 12 months,1025803.00,10062785.00,12941684.00,2876232.00,1999.00,Losses,11 months under 12 months,
1 year or more [2],411659.00,60861281.00,63095832.00,2236232.00,1999.00,Losses,1 year or more [2],
Holding period not determinable,5374372.00,479842719.00,507572750.00,35673229.00,1999.00,Losses,Holding period not determinable,
Long-term transactions,,,,,1999.00,Losses,Long-term transactions,
Total:,21559818.00,217506932.00,279897116.00,70984680.00,1999.00,Losses,Total:,
Under 18 months [3],4976970.00,45824812.00,57671576.00,12351940.00,1999.00,Losses,Under 18 months [3],
18 months under 2 years,2894863.00,23593423.00,31440808.00,7847608.00,1999.00,Losses,18 months under 2 years,
2 years under 3 years,3056182.00,25334902.00,34513281.00,9187299.00,1999.00,Losses,2 years under 3 years,
3 years under 4 years,1545443.00,14752326.00,18889120.00,4160529.00,1999.00,Losses,3 years under 4 years,
4 years under 5 years,927442.00,9922707.00,12724187.00,2803420.00,1999.00,Losses,4 years under 5 years,
5 years under 10 years,2333829.00,26963368.00,33400418.00,6457854.00,1999.00,Losses,5 years under 10 years,
10 years under 15 years,473819.00,6142672.00,8689621.00,2548167.00,1999.00,Losses,10 years under 15 years,
15 years under 20 years,137431.00,2533339.00,3918837.00,1385748.00,1999.00,Losses,15 years under 20 years,
20 years or more,90141.00,2056591.00,2992725.00,973648.00,1999.00,Losses,20 years or more,
Holding period not determinable,5123698.00,60382792.00,75656543.00,23268467.00,1999.00,Losses,Holding period not determinable,
Total:,69850903.00,2079439849.00,1899956226.00,202469549.00,2000.00,gains,Total:,
Under 1 month,31370437.00,676708224.00,630154953.00,47050029.00,2000.00,gains,Under 1 month,
1 month under 2 months,7352207.00,107612686.00,89007498.00,18683738.00,2000.00,gains,1 month under 2 months,
2 months under 3 months,4093111.00,66021206.00,52578128.00,13469412.00,2000.00,gains,2 months under 3 months,
3 months under 4 months,3504995.00,46943430.00,37189526.00,9750499.00,2000.00,gains,3 months under 4 months,
4 months under 5 months,2530039.00,32733045.00,25496970.00,7164695.00,2000.00,gains,4 months under 5 months,
5 months under 6 months,2162544.00,35905317.00,29478427.00,6643989.00,2000.00,gains,5 months under 6 months,
6 months under 7 months,2269747.00,29637129.00,23462649.00,6187072.00,2000.00,gains,6 months under 7 months,
7 months under 8 months,1918321.00,22025608.00,16665536.00,5355879.00,2000.00,gains,7 months under 8 months,
8 months under 9 months,1632360.00,19975897.00,14740930.00,5213553.00,2000.00,gains,8 months under 9 months,
9 months under 10 months,1598427.00,18973601.00,13242120.00,5738851.00,2000.00,gains,9 months under 10 months,
10 months under 11 months,1432590.00,16805056.00,12138628.00,4698641.00,2000.00,gains,10 months under 11 months,
11 months under 12 months,1349293.00,124821523.00,120194747.00,4668990.00,2000.00,gains,11 months under 12 months,
1 year or more [2],595998.00,30627524.00,27610665.00,3028559.00,2000.00,gains,1 year or more [2],
Holding period not determinable,8040834.00,850649603.00,807995449.00,64815642.00,2000.00,gains,Holding period not determinable,
Long-term transactions,,,,,2000.00,gains,Long-term transactions,
Total:,68923730.00,1076524102.00,563802165.00,727353134.00,2000.00,gains,Total:,
Under 18 months [3],7930157.00,122280550.00,74478403.00,47720590.00,2000.00,gains,Under 18 months [3],
18 months under 2 years,4484188.00,71332200.00,40105966.00,31105544.00,2000.00,gains,18 months under 2 years,
2 years under 3 years,6059734.00,98391675.00,57496468.00,38909069.00,2000.00,gains,2 years under 3 years,
3 years under 4 years,3632996.00,64694325.00,32750511.00,31387028.00,2000.00,gains,3 years under 4 years,
4 years under 5 years,2791138.00,55881539.00,28126479.00,25601912.00,2000.00,gains,4 years under 5 years,
5 years under 10 years,5454144.00,130763786.00,71095019.00,56105439.00,2000.00,gains,5 years under 10 years,
10 years under 15 years,2109410.00,85010362.00,43052573.00,37039076.00,2000.00,gains,10 years under 15 years,
15 years under 20 years,1119796.00,40627995.00,14761689.00,23509849.00,2000.00,gains,15 years under 20 years,
20 years or more,1478967.00,59490458.00,15881222.00,40633506.00,2000.00,gains,20 years or more,
Holding period not determinable,33863200.00,348051212.00,186053835.00,395341121.00,2000.00,gains,Holding period not determinable,
Total:,62993854.00,1664538861.00,1889910846.00,258494873.00,2000.00,Losses,Total:,
Under 1 month,19423094.00,324579466.00,363861314.00,39389630.00,2000.00,Losses,Under 1 month,
1 month under 2 months,7008365.00,69962765.00,92783187.00,22846596.00,2000.00,Losses,1 month under 2 months,
2 months under 3 months,4765023.00,40970554.00,59264168.00,18302285.00,2000.00,Losses,2 months under 3 months,
3 months under 4 months,3882058.00,33445641.00,46586057.00,13145142.00,2000.00,Losses,3 months under 4 months,
4 months under 5 months,3340487.00,23569981.00,34118588.00,10617324.00,2000.00,Losses,4 months under 5 months,
5 months under 6 months,2909891.00,20228340.00,30487093.00,10417272.00,2000.00,Losses,5 months under 6 months,
6 months under 7 months,2740790.00,30370623.00,39807589.00,9483543.00,2000.00,Losses,6 months under 7 months,
7 months under 8 months,2669534.00,20568218.00,30168818.00,9612104.00,2000.00,Losses,7 months under 8 months,
8 months under 9 months,2438453.00,17638287.00,27958104.00,10323715.00,2000.00,Losses,8 months under 9 months,
9 months under 10 months,2488667.00,17785681.00,29525888.00,11750313.00,2000.00,Losses,9 months under 10 months,
10 months under 11 months,1998464.00,15303080.00,24418333.00,9119428.00,2000.00,Losses,10 months under 11 months,
11 months under 12 months,1842378.00,27755508.00,35459717.00,7708377.00,2000.00,Losses,11 months under 12 months,
1 year or more [2],676135.00,112791782.00,117002049.00,4124008.00,2000.00,Losses,1 year or more [2],
Holding period not determinable,6810515.00,909568935.00,958469941.00,81655136.00,2000.00,Losses,Holding period not determinable,
Long-term transactions,,,,,2000.00,Losses,Long-term transactions,
Total:,27852075.00,267721782.00,356268851.00,97245752.00,2000.00,Losses,Total:,
Under 18 months [3],6776656.00,53937980.00,78157807.00,25039539.00,2000.00,Losses,Under 18 months [3],
18 months under 2 years,4067098.00,31561332.00,43259697.00,11728903.00,2000.00,Losses,18 months under 2 years,
2 years under 3 years,4405593.00,36936125.00,48328965.00,11332012.00,2000.00,Losses,2 years under 3 years,
3 years under 4 years,1975167.00,17305495.00,23309188.00,6004999.00,2000.00,Losses,3 years under 4 years,
4 years under 5 years,1133359.00,10428555.00,13430575.00,2981991.00,2000.00,Losses,4 years under 5 years,
5 years under 10 years,2007014.00,23073284.00,29775086.00,6698457.00,2000.00,Losses,5 years under 10 years,
10 years under 15 years,539449.00,7315589.00,9978926.00,2666624.00,2000.00,Losses,10 years under 15 years,
15 years under 20 years,195383.00,2725714.00,3891023.00,1165316.00,2000.00,Losses,15 years under 20 years,
20 years or more,146711.00,1468799.00,1920331.00,451712.00,2000.00,Losses,20 years or more,
Holding period not determinable,6605645.00,82968909.00,104217253.00,29176199.00,2000.00,Losses,Holding period not determinable,
Total:,43152387.00,915852620.00,850019654.00,81084594.00,2001.00,gains,Total:,
Under 1 month,18476739.00,297155060.00,278485164.00,18698062.00,2001.00,gains,Under 1 month,
1 month under 2 months,4590631.00,61849210.00,55765965.00,6097553.00,2001.00,gains,1 month under 2 months,
2 months under 3 months,2612542.00,32265255.00,27592738.00,4641782.00,2001.00,gains,2 months under 3 months,
3 months under 4 months,2165541.00,37504237.00,34375819.00,3101070.00,2001.00,gains,3 months under 4 months,
4 months under 5 months,1792506.00,18721388.00,16463994.00,2310638.00,2001.00,gains,4 months under 5 months,
5 months under 6 months,1465354.00,15531270.00,13636504.00,1898698.00,2001.00,gains,5 months under 6 months,
6 months under 7 months,1312307.00,20204933.00,18188334.00,1766812.00,2001.00,gains,6 months under 7 months,
7 months under 8 months,1222592.00,14213627.00,12499641.00,1742518.00,2001.00,gains,7 months under 8 months,
8 months under 9 months,1158427.00,12695279.00,10962277.00,1745277.00,2001.00,gains,8 months under 9 months,
9 months under 10 months,1023152.00,11925272.00,10307141.00,1611283.00,2001.00,gains,9 months under 10 months,
10 months under 11 months,1046955.00,16735677.00,15018626.00,1715287.00,2001.00,gains,10 months under 11 months,
11 months under 12 months,922117.00,14397976.00,12640892.00,1768656.00,2001.00,gains,11 months under 12 months,
1 year or more [2],582172.00,18657621.00,17203689.00,1450293.00,2001.00,gains,1 year or more [2],
Holding period not determinable,4781352.00,343995815.00,326878870.00,32536665.00,2001.00,gains,Holding period not determinable,
Long-term transactions,,,,,2001.00,gains,Long-term transactions,
Total:,54225957.00,865002522.00,536383275.00,435403208.00,2001.00,gains,Total:,
Under 18 months [3],5836186.00,89878643.00,71032617.00,19140114.00,2001.00,gains,Under 18 months [3],
18 months under 2 years,3760218.00,57434475.00,44486884.00,12728710.00,2001.00,gains,18 months under 2 years,
2 years under 3 years,5241272.00,85232472.00,63353298.00,19809048.00,2001.00,gains,2 years under 3 years,
3 years under 4 years,3030914.00,55964120.00,40329740.00,14814168.00,2001.00,gains,3 years under 4 years,
4 years under 5 years,2369374.00,44457819.00,30776132.00,12915946.00,2001.00,gains,4 years under 5 years,
5 years under 10 years,5898646.00,125513230.00,76171356.00,43044704.00,2001.00,gains,5 years under 10 years,
10 years under 15 years,1748578.00,62545192.00,36235719.00,22877160.00,2001.00,gains,10 years under 15 years,
15 years under 20 years,873114.00,37842687.00,11187078.00,24134172.00,2001.00,gains,15 years under 20 years,
20 years or more,1257832.00,52662592.00,15689781.00,34373053.00,2001.00,gains,20 years or more,
Holding period not determinable,24209823.00,253471292.00,147120670.00,231566133.00,2001.00,gains,Holding period not determinable,
Total:,51328949.00,767592726.00,907320496.00,159536901.00,2001.00,Losses,Total:,
Under 1 month,12919772.00,189560049.00,206738203.00,17245427.00,2001.00,Losses,Under 1 month,
1 month under 2 months,4745921.00,35930055.00,45308614.00,9384185.00,2001.00,Losses,1 month under 2 months,
2 months under 3 months,3554186.00,23226663.00,30024799.00,6804482.00,2001.00,Losses,2 months under 3 months,
3 months under 4 months,3636544.00,23185806.00,30710066.00,7518858.00,2001.00,Losses,3 months under 4 months,
4 months under 5 months,3121174.00,17358446.00,25059254.00,7678522.00,2001.00,Losses,4 months under 5 months,
5 months under 6 months,2865170.00,15057849.00,22258179.00,7197977.00,2001.00,Losses,5 months under 6 months,
6 months under 7 months,2649606.00,15011117.00,22119736.00,7111236.00,2001.00,Losses,6 months under 7 months,
7 months under 8 months,2309438.00,15052713.00,21802376.00,6756006.00,2001.00,Losses,7 months under 8 months,
8 months under 9 months,2180810.00,11577931.00,17991782.00,6415272.00,2001.00,Losses,8 months under 9 months,
9 months under 10 months,2087452.00,10667177.00,17413618.00,6746949.00,2001.00,Losses,9 months under 10 months,
10 months under 11 months,2186858.00,12093794.00,20475927.00,8377644.00,2001.00,Losses,10 months under 11 months,
11 months under 12 months,2206576.00,16116414.00,25858187.00,9744944.00,2001.00,Losses,11 months under 12 months,
1 year or more [2],845858.00,42850921.00,47461764.00,4582848.00,2001.00,Losses,1 year or more [2],
Holding period not determinable,6019584.00,339903791.00,374097991.00,53972551.00,2001.00,Losses,Holding period not determinable,
Long-term transactions,,,,,2001.00,Losses,Long-term transactions,
Total:,36452014.00,286271041.00,422090347.00,160408524.00,2001.00,Losses,Total:,
Under 18 months [3],9973547.00,51423383.00,88368559.00,37734786.00,2001.00,Losses,Under 18 months [3],
18 months under 2 years,5805780.00,28887122.00,50894422.00,22017664.00,2001.00,Losses,18 months under 2 years,
2 years under 3 years,5315109.00,42768047.00,59926656.00,17206868.00,2001.00,Losses,2 years under 3 years,
3 years under 4 years,2380165.00,19052950.00,25740426.00,6753987.00,2001.00,Losses,3 years under 4 years,
4 years under 5 years,1210026.00,11086989.00,14614260.00,3575358.00,2001.00,Losses,4 years under 5 years,
5 years under 10 years,2219340.00,21663619.00,28088947.00,6468178.00,2001.00,Losses,5 years under 10 years,
10 years under 15 years,427595.00,5114164.00,6737204.00,1629482.00,2001.00,Losses,10 years under 15 years,
15 years under 20 years,162569.00,1326393.00,2212197.00,885805.00,2001.00,Losses,15 years under 20 years,
20 years or more,166692.00,2884040.00,4934638.00,2054991.00,2001.00,Losses,20 years or more,
Holding period not determinable,8791191.00,102064334.00,140573038.00,62081405.00,2001.00,Losses,Holding period not determinable,
Total:,39698802.00,842979025.00,795912701.00,57080927.00,2002.00,gains,Total:,
Under 1 month,16241454.00,341714178.00,329724229.00,12019998.00,2002.00,gains,Under 1 month,
1 month under 2 months,4196086.00,60970200.00,56623371.00,4351457.00,2002.00,gains,1 month under 2 months,
2 months under 3 months,2363845.00,25965809.00,23672435.00,2327252.00,2002.00,gains,2 months under 3 months,
3 months under 4 months,2085203.00,33216695.00,31068325.00,2148034.00,2002.00,gains,3 months under 4 months,
4 months under 5 months,1764060.00,19797407.00,17982746.00,1833718.00,2002.00,gains,4 months under 5 months,
5 months under 6 months,1460059.00,15411235.00,13734529.00,1643915.00,2002.00,gains,5 months under 6 months,
6 months under 7 months,1225688.00,14619155.00,13303974.00,1339876.00,2002.00,gains,6 months under 7 months,
7 months under 8 months,1103115.00,10898460.00,9804266.00,1195245.00,2002.00,gains,7 months under 8 months,
8 months under 9 months,1176777.00,11928761.00,10255619.00,1670251.00,2002.00,gains,8 months under 9 months,
9 months under 10 months,954580.00,9628886.00,8550101.00,1069855.00,2002.00,gains,9 months under 10 months,
10 months under 11 months,820176.00,9260387.00,8249993.00,1002519.00,2002.00,gains,10 months under 11 months,
11 months under 12 months,826798.00,12253173.00,11176848.00,1008644.00,2002.00,gains,11 months under 12 months,
1 year or more [2],430285.00,6817290.00,5854258.00,981352.00,2002.00,gains,1 year or more [2],
Holding period not determinable,5050676.00,270497389.00,255912007.00,24488811.00,2002.00,gains,Holding period not determinable,
Long-term transactions,,,,,2002.00,gains,Long-term transactions,
Total:,46678522.00,842212042.00,538526947.00,374902166.00,2002.00,gains,Total:,
Under 18 months [3],4455193.00,68577345.00,56158006.00,13165025.00,2002.00,gains,Under 18 months [3],
18 months under 2 years,2803565.00,53074127.00,42066832.00,10260873.00,2002.00,gains,18 months under 2 years,
2 years under 3 years,4597112.00,86435693.00,69032949.00,15825555.00,2002.00,gains,2 years under 3 years,
3 years under 4 years,2830120.00,51403893.00,39192418.00,10558335.00,2002.00,gains,3 years under 4 years,
4 years under 5 years,2166033.00,44320415.00,30998975.00,12009166.00,2002.00,gains,4 years under 5 years,
5 years under 10 years,6045747.00,139941554.00,91840066.00,43359216.00,2002.00,gains,5 years under 10 years,
10 years under 15 years,1999451.00,61540140.00,34872206.00,23231985.00,2002.00,gains,10 years under 15 years,
15 years under 20 years,969920.00,42863931.00,14427381.00,22184365.00,2002.00,gains,15 years under 20 years,
20 years or more,1390508.00,67544039.00,18908194.00,43406243.00,2002.00,gains,20 years or more,
Holding period not determinable,19420873.00,226510905.00,141029920.00,180901403.00,2002.00,gains,Holding period not determinable,
Total:,48672140.00,864198223.00,947509087.00,95531779.00,2002.00,Losses,Total:,
Under 1 month,12263659.00,204436158.00,216212602.00,11800847.00,2002.00,Losses,Under 1 month,
1 month under 2 months,4747547.00,38849752.00,44500415.00,5652606.00,2002.00,Losses,1 month under 2 months,
2 months under 3 months,3342525.00,22943931.00,27327837.00,4385788.00,2002.00,Losses,2 months under 3 months,
3 months under 4 months,3297837.00,18152349.00,23308683.00,5209083.00,2002.00,Losses,3 months under 4 months,
4 months under 5 months,2824017.00,15442236.00,19943611.00,4506676.00,2002.00,Losses,4 months under 5 months,
5 months under 6 months,2640662.00,16609060.00,20906750.00,4295242.00,2002.00,Losses,5 months under 6 months,
6 months under 7 months,2624317.00,14669681.00,19383871.00,4715509.00,2002.00,Losses,6 months under 7 months,
7 months under 8 months,2332236.00,13462051.00,18126911.00,4665350.00,2002.00,Losses,7 months under 8 months,
8 months under 9 months,2051724.00,9295149.00,12813457.00,3545299.00,2002.00,Losses,8 months under 9 months,
9 months under 10 months,2051205.00,10700837.00,14049835.00,3349419.00,2002.00,Losses,9 months under 10 months,
10 months under 11 months,1983483.00,10245557.00,13749304.00,3504564.00,2002.00,Losses,10 months under 11 months,
11 months under 12 months,1597224.00,8576065.00,11863497.00,3287502.00,2002.00,Losses,11 months under 12 months,
1 year or more [2],689985.00,13992249.00,16608704.00,2517303.00,2002.00,Losses,1 year or more [2],
Holding period not determinable,6225719.00,466823148.00,488713610.00,34096591.00,2002.00,Losses,Holding period not determinable,
Long-term transactions,,,,,2002.00,Losses,Long-term transactions,
Total:,47714297.00,318128330.00,501274861.00,204579497.00,2002.00,Losses,Total:,
Under 18 months [3],9197628.00,48399747.00,72598636.00,24383502.00,2002.00,Losses,Under 18 months [3],
18 months under 2 years,6752665.00,29413240.00,52678742.00,23282945.00,2002.00,Losses,18 months under 2 years,
2 years under 3 years,9235236.00,40098376.00,77995720.00,37908515.00,2002.00,Losses,2 years under 3 years,
3 years under 4 years,4281603.00,24008950.00,39336325.00,15334211.00,2002.00,Losses,3 years under 4 years,
4 years under 5 years,2353607.00,15507401.00,24292457.00,8785893.00,2002.00,Losses,4 years under 5 years,
5 years under 10 years,3483142.00,27543751.00,37937567.00,10419111.00,2002.00,Losses,5 years under 10 years,
10 years under 15 years,542936.00,7560852.00,9836009.00,2280266.00,2002.00,Losses,10 years under 15 years,
15 years under 20 years,209811.00,1930956.00,3391491.00,1460534.00,2002.00,Losses,15 years under 20 years,
20 years or more,280549.00,1794370.00,3098866.00,1363351.00,2002.00,Losses,20 years or more,
Holding period not determinable,11377120.00,121870687.00,180109048.00,79361169.00,2002.00,Losses,Holding period not determinable,
Total:,52527265.00,1150821580.00,1088411962.00,79498791.00,2003.00,gains,Total:,
Under 1 month,17597373.00,374393459.00,358657381.00,15858712.00,2003.00,gains,Under 1 month,
1 month under 2 months,5042972.00,59682900.00,54346715.00,5364863.00,2003.00,gains,1 month under 2 months,
2 months under 3 months,3587349.00,40463658.00,36821356.00,3608283.00,2003.00,gains,2 months under 3 months,
3 months under 4 months,3275035.00,34059708.00,30485789.00,3376773.00,2003.00,gains,3 months under 4 months,
4 months under 5 months,2700040.00,25150826.00,22392495.00,2760649.00,2003.00,gains,4 months under 5 months,
5 months under 6 months,2537303.00,24364554.00,22073086.00,2289436.00,2003.00,gains,5 months under 6 months,
6 months under 7 months,2446000.00,23960536.00,21674650.00,2283874.00,2003.00,gains,6 months under 7 months,
7 months under 8 months,1910642.00,21739924.00,18372366.00,2484789.00,2003.00,gains,7 months under 8 months,
8 months under 9 months,1837261.00,12130791.00,10380846.00,1756057.00,2003.00,gains,8 months under 9 months,
9 months under 10 months,1643529.00,15384797.00,13600587.00,1817613.00,2003.00,gains,9 months under 10 months,
10 months under 11 months,1579709.00,18151057.00,15540793.00,2575514.00,2003.00,gains,10 months under 11 months,
11 months under 12 months,1438310.00,14066704.00,12562744.00,1545978.00,2003.00,gains,11 months under 12 months,
1 year or more [2],570973.00,11409178.00,10073238.00,1347741.00,2003.00,gains,1 year or more [2],
Holding period not determinable,6360769.00,475863488.00,461429916.00,32428509.00,2003.00,gains,Holding period not determinable,
Long-term transactions,,,,,2003.00,gains,Long-term transactions,
Total:,48257663.00,947659232.00,629385366.00,402976826.00,2003.00,gains,Total:,
Under 18 months [3],6633293.00,101175155.00,82524687.00,17904872.00,2003.00,gains,Under 18 months [3],
18 months under 2 years,3741630.00,58474488.00,47760397.00,10437723.00,2003.00,gains,18 months under 2 years,
2 years under 3 years,4454012.00,93209002.00,74474838.00,15314236.00,2003.00,gains,2 years under 3 years,
3 years under 4 years,3185949.00,65824992.00,49594422.00,15854868.00,2003.00,gains,3 years under 4 years,
4 years under 5 years,2018460.00,44430880.00,30711434.00,10923211.00,2003.00,gains,4 years under 5 years,
5 years under 10 years,6057110.00,172809214.00,113071536.00,49778841.00,2003.00,gains,5 years under 10 years,
10 years under 15 years,2084451.00,78652642.00,43939262.00,30558375.00,2003.00,gains,10 years under 15 years,
15 years under 20 years,848967.00,40588233.00,15929370.00,21425723.00,2003.00,gains,15 years under 20 years,
20 years or more,1129434.00,63613243.00,18447892.00,37806661.00,2003.00,gains,20 years or more,
Holding period not determinable,18104357.00,228881383.00,152931528.00,192972316.00,2003.00,gains,Holding period not determinable,
Total:,31550040.00,703990005.00,740583596.00,41928771.00,2003.00,Losses,Total:,
Under 1 month,10122724.00,228151271.00,236537295.00,8346725.00,2003.00,Losses,Under 1 month,
1 month under 2 months,3149892.00,31475295.00,35612615.00,4142696.00,2003.00,Losses,1 month under 2 months,
2 months under 3 months,2097672.00,16566564.00,18814941.00,2247182.00,2003.00,Losses,2 months under 3 months,
3 months under 4 months,1719570.00,13853680.00,15751790.00,1891644.00,2003.00,Losses,3 months under 4 months,
4 months under 5 months,1386650.00,12885736.00,14309464.00,1423606.00,2003.00,Losses,4 months under 5 months,
5 months under 6 months,1280987.00,9738691.00,10827770.00,1093087.00,2003.00,Losses,5 months under 6 months,
6 months under 7 months,1175699.00,14902458.00,16178063.00,1277350.00,2003.00,Losses,6 months under 7 months,
7 months under 8 months,1025333.00,7541260.00,8677867.00,1133068.00,2003.00,Losses,7 months under 8 months,
8 months under 9 months,1182734.00,11299399.00,12457570.00,1158371.00,2003.00,Losses,8 months under 9 months,
9 months under 10 months,997193.00,5186318.00,6305659.00,1119686.00,2003.00,Losses,9 months under 10 months,
10 months under 11 months,1216223.00,5604982.00,6836077.00,1231265.00,2003.00,Losses,10 months under 11 months,
11 months under 12 months,1275190.00,6850159.00,8245095.00,1394930.00,2003.00,Losses,11 months under 12 months,
1 year or more [2],493280.00,20520944.00,21735025.00,1188740.00,2003.00,Losses,1 year or more [2],
Holding period not determinable,4426893.00,319413248.00,328294365.00,14280421.00,2003.00,Losses,Holding period not determinable,
Long-term transactions,,,,,2003.00,Losses,Long-term transactions,
Total:,41078136.00,278961173.00,397170885.00,136792574.00,2003.00,Losses,Total:,
Under 18 months [3],7094865.00,37980081.00,47301725.00,9490445.00,2003.00,Losses,Under 18 months [3],
18 months under 2 years,5039141.00,25695618.00,33463426.00,7773647.00,2003.00,Losses,18 months under 2 years,
2 years under 3 years,7027645.00,36689032.00,55059597.00,18479146.00,2003.00,Losses,2 years under 3 years,
3 years under 4 years,4872930.00,22404782.00,41836421.00,19441823.00,2003.00,Losses,3 years under 4 years,
4 years under 5 years,2473695.00,15198548.00,22284747.00,7120921.00,2003.00,Losses,4 years under 5 years,
5 years under 10 years,3476711.00,24993951.00,34979955.00,10025933.00,2003.00,Losses,5 years under 10 years,
10 years under 15 years,608872.00,7026976.00,10492809.00,3576882.00,2003.00,Losses,10 years under 15 years,
15 years under 20 years,227959.00,2120601.00,3045656.00,926596.00,2003.00,Losses,15 years under 20 years,
20 years or more,157057.00,1587282.00,2337490.00,810242.00,2003.00,Losses,20 years or more,
Holding period not determinable,10099261.00,105264302.00,146369059.00,59146939.00,2003.00,Losses,Holding period not determinable,
Total:,52108358.00,1158441596.00,1096993781.00,77778417.00,2004.00,gains,Total:,
Under 1 month,15317865.00,375954339.00,365719348.00,10207990.00,2004.00,gains,Under 1 month,
1 month under 2 months,4884514.00,76235920.00,71835538.00,4369982.00,2004.00,gains,1 month under 2 months,
2 months under 3 months,3177272.00,42638043.00,37660760.00,3207499.00,2004.00,gains,2 months under 3 months,
3 months under 4 months,3180219.00,38078584.00,34899133.00,3066234.00,2004.00,gains,3 months under 4 months,
4 months under 5 months,2694655.00,33665685.00,30524927.00,2832631.00,2004.00,gains,4 months under 5 months,
5 months under 6 months,2692899.00,25202721.00,22568527.00,2570615.00,2004.00,gains,5 months under 6 months,
6 months under 7 months,2470448.00,24482234.00,21416552.00,3063348.00,2004.00,gains,6 months under 7 months,
7 months under 8 months,2377275.00,19579345.00,16843179.00,2759144.00,2004.00,gains,7 months under 8 months,
8 months under 9 months,2020394.00,16138540.00,13919429.00,2231705.00,2004.00,gains,8 months under 9 months,
9 months under 10 months,2075091.00,16523880.00,14486097.00,1986864.00,2004.00,gains,9 months under 10 months,
10 months under 11 months,1965728.00,17635825.00,15436574.00,1790182.00,2004.00,gains,10 months under 11 months,
11 months under 12 months,1773905.00,13001081.00,11416130.00,1603683.00,2004.00,gains,11 months under 12 months,
1 year or more [2],689534.00,12168984.00,10893531.00,1320789.00,2004.00,gains,1 year or more [2],
Holding period not determinable,6788559.00,447136415.00,429374056.00,36767751.00,2004.00,gains,Holding period not determinable,
Long-term transactions,,,, ,2004.00,gains,Long-term transactions,
Total:,65209352.00,1185607941.00,738986221.00,576491049.00,2004.00,gains,Total:,
Under 18 months [3],10745840.00,114505497.00,92481548.00,21046971.00,2004.00,gains,Under 18 months [3],
18 months under 2 years,6714660.00,67020587.00,51262875.00,14164747.00,2004.00,gains,18 months under 2 years,
2 years under 3 years,7640592.00,100706333.00,78216170.00,17997891.00,2004.00,gains,2 years under 3 years,
3 years under 4 years,3523225.00,86904824.00,47947221.00,35644955.00,2004.00,gains,3 years under 4 years,
4 years under 5 years,2483202.00,67861561.00,47925925.00,14540203.00,2004.00,gains,4 years under 5 years,
5 years under 10 years,5679606.00,171767602.00,100206177.00,59598893.00,2004.00,gains,5 years under 10 years,
10 years under 15 years,2000371.00,67566730.00,37643951.00,22683579.00,2004.00,gains,10 years under 15 years,
15 years under 20 years,930268.00,66923813.00,22907234.00,34717461.00,2004.00,gains,15 years under 20 years,
20 years or more,1330895.00,98208025.00,35108430.00,47760752.00,2004.00,gains,20 years or more,
Holding period not determinable,24160693.00,344142969.00,225286690.00,308335597.00,2004.00,gains,Holding period not determinable,
Total:,62947442.00,1909699408.00,2695423225.00,95073791.00,2005.00,gains,Total:,
Under 1 month,18844701.00,617304350.00,1473830962.00,13390031.00,2005.00,gains,Under 1 month,
1 month under 2 months,5892603.00,75740130.00,70049806.00,5709563.00,2005.00,gains,1 month under 2 months,
2 months under 3 months,3803418.00,52575126.00,49081594.00,3546493.00,2005.00,gains,2 months under 3 months,
3 months under 4 months,3893613.00,48850054.00,45488808.00,3383752.00,2005.00,gains,3 months under 4 months,
4 months under 5 months,3281927.00,31483792.00,28474188.00,2995451.00,2005.00,gains,4 months under 5 months,
5 months under 6 months,3160557.00,31928591.00,28438884.00,3395357.00,2005.00,gains,5 months under 6 months,
6 months under 7 months,3020237.00,36042146.00,32688542.00,3116474.00,2005.00,gains,6 months under 7 months,
7 months under 8 months,2594472.00,44909658.00,32733549.00,2721323.00,2005.00,gains,7 months under 8 months,
8 months under 9 months,2569765.00,21225811.00,19288590.00,1950874.00,2005.00,gains,8 months under 9 months,
9 months under 10 months,2700458.00,21200907.00,18487580.00,2554965.00,2005.00,gains,9 months under 10 months,
10 months under 11 months,2534525.00,18886433.00,16485241.00,2401054.00,2005.00,gains,10 months under 11 months,
11 months under 12 months,2299958.00,18818227.00,16677633.00,2166200.00,2005.00,gains,11 months under 12 months,
1 year or more [2],732466.00,18426921.00,16440734.00,2039876.00,2005.00,gains,1 year or more [2],
Holding period not determinable,7618742.00,872307262.00,847257114.00,45702378.00,2005.00,gains,Holding period not determinable,
Long-term transactions,,,,,2005.00,gains,Long-term transactions,
Total:,77033524.00,1481156209.00,865487911.00,801798879.00,2005.00,gains,Total:,
Under 18 months [3],13131186.00,162389712.00,133150924.00,28479339.00,2005.00,gains,Under 18 months [3],
18 months under 2 years,7735760.00,85464140.00,67784285.00,16055528.00,2005.00,gains,18 months under 2 years,
2 years under 3 years,9433025.00,140862148.00,99714983.00,33511432.00,2005.00,gains,2 years under 3 years,
3 years under 4 years,5411186.00,84460894.00,59566436.00,19349385.00,2005.00,gains,3 years under 4 years,
4 years under 5 years,2805886.00,162500008.00,47864843.00,109900447.00,2005.00,gains,4 years under 5 years,
5 years under 10 years,6482282.00,208651451.00,127208116.00,58835035.00,2005.00,gains,5 years under 10 years,
10 years under 15 years,2048729.00,108211322.00,48001149.00,51001180.00,2005.00,gains,10 years under 15 years,
15 years under 20 years,828018.00,64392242.00,25468355.00,32345669.00,2005.00,gains,15 years under 20 years,
20 years or more,1315979.00,131778049.00,35094205.00,75845490.00,2005.00,gains,20 years or more,
Holding period not determinable,27841473.00,332446243.00,221634615.00,376475374.00,2005.00,gains,Holding period not determinable,
Total:,74983697.00,1391606111.00,1311768334.00,103085513.00,2006.00,gains,Total:,
Under 1 month,20343544.00,392010819.00,378515309.00,14137242.00,2006.00,gains,Under 1 month,
1 month under 2 months,6751452.00,79796792.00,73935050.00,5656469.00,2006.00,gains,1 month under 2 months,
2 months under 3 months,5136141.00,65767630.00,60755035.00,5060894.00,2006.00,gains,2 months under 3 months,
3 months under 4 months,4873264.00,49040159.00,45710378.00,3329278.00,2006.00,gains,3 months under 4 months,
4 months under 5 months,4367547.00,33478120.00,30538148.00,2949701.00,2006.00,gains,4 months under 5 months,
5 months under 6 months,3956299.00,45243973.00,40528912.00,4744364.00,2006.00,gains,5 months under 6 months,
6 months under 7 months,3702458.00,42443963.00,39274107.00,2896955.00,2006.00,gains,6 months under 7 months,
7 months under 8 months,3558809.00,29653367.00,25636133.00,2889973.00,2006.00,gains,7 months under 8 months,
8 months under 9 months,3099229.00,21973381.00,19403750.00,2436924.00,2006.00,gains,8 months under 9 months,
9 months under 10 months,3250048.00,21331162.00,20229942.00,2234627.00,2006.00,gains,9 months under 10 months,
10 months under 11 months,2984347.00,18376324.00,16211962.00,2159205.00,2006.00,gains,10 months under 11 months,
11 months under 12 months,2643637.00,16956487.00,15101152.00,1891762.00,2006.00,gains,11 months under 12 months,
1 year or more [2],878172.00,34135113.00,32351571.00,1826006.00,2006.00,gains,1 year or more [2],
Holding period not determinable,9438750.00,541398821.00,513576885.00,50872113.00,2006.00,gains,Holding period not determinable,
Long-term transactions,,,,,2006.00,gains,Long-term transactions,
Total:,86852293.00,1385404735.00,867757917.00,788510577.00,2006.00,gains,Total:,
Under 18 months [3],15751431.00,156543944.00,126614590.00,28998790.00,2006.00,gains,Under 18 months [3],
18 months under 2 years,9473310.00,83854704.00,66149666.00,17071388.00,2006.00,gains,18 months under 2 years,
2 years under 3 years,11056857.00,138660366.00,99810900.00,32827008.00,2006.00,gains,2 years under 3 years,
3 years under 4 years,5964886.00,75257535.00,51437964.00,21167974.00,2006.00,gains,3 years under 4 years,
4 years under 5 years,3251245.00,56832557.00,38194506.00,16234549.00,2006.00,gains,4 years under 5 years,
5 years under 10 years,6934444.00,203902039.00,108611931.00,76642752.00,2006.00,gains,5 years under 10 years,
10 years under 15 years,2239406.00,76978988.00,35638279.00,32147533.00,2006.00,gains,10 years under 15 years,
15 years under 20 years,859516.00,46335313.00,17943324.00,24113251.00,2006.00,gains,15 years under 20 years,
20 years or more,1287171.00,89065797.00,29241751.00,50162878.00,2006.00,gains,20 years or more,
Holding period not determinable,30034027.00,457973492.00,294115006.00,489144454.00,2006.00,gains,Holding period not determinable,
Total:,71223052.98,1728666525.88,1599616766.02,117600001.44,2007.00,gains,Total:,
Under 1 month,18512554.01,352618525.45,337267344.83,16703153.79,2007.00,gains,Under 1 month,
1 month under 2 months,6342608.54,80373531.09,75147187.81,5371733.57,2007.00,gains,1 month under 2 months,
2 months under 3 months,4819942.23,56249608.91,48994409.34,7383695.21,2007.00,gains,2 months under 3 months,
3 months under 4 months,4534428.70,45770206.17,42731528.06,3100072.04,2007.00,gains,3 months under 4 months,
4 months under 5 months,3835966.16,35202679.36,32311000.30,2951741.96,2007.00,gains,4 months under 5 months,
5 months under 6 months,3541319.78,31125299.34,28925484.36,2608243.72,2007.00,gains,5 months under 6 months,
6 months under 7 months,4461803.03,51421757.56,48584106.45,3121109.78,2007.00,gains,6 months under 7 months,
7 months under 8 months,3575622.64,25838554.74,23100618.44,2747012.44,2007.00,gains,7 months under 8 months,
8 months under 9 months,3020052.22,19753237.61,17560896.29,2263391.44,2007.00,gains,8 months under 9 months,
9 months under 10 months,3120389.92,23182662.42,20924759.47,2291225.33,2007.00,gains,9 months under 10 months,
10 months under 11 months,2633640.83,17791561.21,15755429.59,2114475.57,2007.00,gains,10 months under 11 months,
11 months under 12 months,2785092.21,21044144.06,18947850.11,2587645.42,2007.00,gains,11 months under 12 months,
1 year or more [2],904609.60,77694274.74,33063207.15,1987836.17,2007.00,gains,1 year or more [2],
Holding period not determinable,9135023.11,890600483.22,856302943.82,62368665.00,2007.00,gains,Holding period not determinable,
Long-term transactions,,,,,2007.00,gains,Long-term transactions,
Total:,102183789.04,1585033421.22,961589336.09,989370484.22,2007.00,gains,Total:,
Under 18 months [3],18793535.08,175117604.41,148729969.91,26871953.69,2007.00,gains,Under 18 months [3],
18 months under 2 years,11672732.97,97985241.42,79773075.28,19617355.35,2007.00,gains,18 months under 2 years,
2 years under 3 years,13488449.36,240516440.64,103403465.40,134442833.77,2007.00,gains,2 years under 3 years,
3 years under 4 years,7717193.42,101087581.26,73027102.55,22361028.91,2007.00,gains,3 years under 4 years,
4 years under 5 years,4440945.42,60240717.81,40942102.31,17527479.84,2007.00,gains,4 years under 5 years,
5 years under 10 years,8424950.43,190838900.50,113107445.15,65780864.18,2007.00,gains,5 years under 10 years,
10 years under 15 years,2546196.49,78197926.54,34894922.30,34584419.94,2007.00,gains,10 years under 15 years,
15 years under 20 years,849546.51,48486672.92,23045004.29,18342337.30,2007.00,gains,15 years under 20 years,
20 years or more,1334672.46,85409936.39,24194688.97,49939954.24,2007.00,gains,20 years or more,
Holding period not determinable,32915566.90,507152399.33,320471559.93,599902257.00,2007.00,gains,Holding period not determinable,
Total:,31356034.00,1486437267.00,1534936515.00,53028683.00,2004.00,losses,Total:,
Under 1 month,8935276.00,229362376.00,237768678.00,8419693.00,2004.00,losses,Under 1 month,
1 month under 2 months,3399531.00,35381000.00,39477562.00,4083316.00,2004.00,losses,1 month under 2 months,
2 months under 3 months,2499690.00,26701091.00,29732507.00,3049039.00,2004.00,losses,2 months under 3 months,
3 months under 4 months,2010140.00,17661156.00,20099100.00,2437883.00,2004.00,losses,3 months under 4 months,
4 months under 5 months,1793018.00,15270738.00,17497175.00,2226422.00,2004.00,losses,4 months under 5 months,
5 months under 6 months,1698381.00,13094158.00,15008597.00,1914712.00,2004.00,losses,5 months under 6 months,
6 months under 7 months,1516373.00,14202665.00,16043680.00,1859465.00,2004.00,losses,6 months under 7 months,
7 months under 8 months,1263842.00,11589963.00,13099316.00,1509304.00,2004.00,losses,7 months under 8 months,
8 months under 9 months,1071151.00,10737288.00,12259506.00,1527859.00,2004.00,losses,8 months under 9 months,
9 months under 10 months,993976.00,14424637.00,15960207.00,1535535.00,2004.00,losses,9 months under 10 months,
10 months under 11 months,851928.00,7262264.00,8543401.00,1281654.00,2004.00,losses,10 months under 11 months,
11 months under 12 months,823652.00,25637156.00,26971152.00,1335277.00,2004.00,losses,11 months under 12 months,
1 year or more [2],289451.00,13363730.00,17374754.00,3939770.00,2004.00,losses,1 year or more [2],
Holding period not determinable,4209625.00,1051749045.00,1065100880.00,17908754.00,2004.00,losses,Holding period not determinable,
Long-term transactions,,,, ,2004.00,losses,Long-term transactions,
Total:,28920726.00,253481763.00,342091335.00,104956475.00,2004.00,losses,Total:,
Under 18 months [3],3001811.00,33927384.00,38099222.00,5607011.00,2004.00,losses,Under 18 months [3],
18 months under 2 years,1894648.00,16113184.00,19103117.00,2980318.00,2004.00,losses,18 months under 2 years,
2 years under 3 years,4136652.00,26820691.00,33952547.00,7183029.00,2004.00,losses,2 years under 3 years,
3 years under 4 years,4055329.00,24128084.00,35364858.00,11259582.00,2004.00,losses,3 years under 4 years,
4 years under 5 years,3534769.00,16723421.00,31627777.00,14980789.00,2004.00,losses,4 years under 5 years,
5 years under 10 years,3743378.00,26780173.00,39863615.00,12770700.00,2004.00,losses,5 years under 10 years,
10 years under 15 years,558802.00,4974168.00,8698103.00,3850953.00,2004.00,losses,10 years under 15 years,
15 years under 20 years,154251.00,3770729.00,4703668.00,933380.00,2004.00,losses,15 years under 20 years,
20 years or more,169625.00,1565816.00,2828425.00,1262610.00,2004.00,losses,20 years or more,
Holding period not determinable,7671461.00,98678113.00,127850003.00,44128103.00,2004.00,losses,Holding period not determinable,
Total:,42173217.00,1236716620.00,1290146416.00,58339717.00,2005.00,losses,Total:,
Under 1 month,12834788.00,255831022.00,264598486.00,8806462.00,2005.00,losses,Under 1 month,
1 month under 2 months,4342731.00,35159183.00,40207357.00,5065566.00,2005.00,losses,1 month under 2 months,
2 months under 3 months,3343596.00,25184818.00,28611195.00,3388083.00,2005.00,losses,2 months under 3 months,
3 months under 4 months,2993120.00,20540141.00,23366958.00,2888253.00,2005.00,losses,3 months under 4 months,
4 months under 5 months,2354642.00,17090939.00,19452294.00,2364631.00,2005.00,losses,4 months under 5 months,
5 months under 6 months,2107164.00,15495907.00,17459599.00,2037582.00,2005.00,losses,5 months under 6 months,
6 months under 7 months,1804977.00,21215196.00,23252111.00,2039540.00,2005.00,losses,6 months under 7 months,
7 months under 8 months,1678816.00,12542749.00,14021907.00,1485162.00,2005.00,losses,7 months under 8 months,
8 months under 9 months,1553320.00,11666438.00,13224804.00,1558996.00,2005.00,losses,8 months under 9 months,
9 months under 10 months,1426976.00,10995808.00,13062474.00,2067769.00,2005.00,losses,9 months under 10 months,
10 months under 11 months,1461345.00,10562168.00,12355492.00,1795782.00,2005.00,losses,10 months under 11 months,
11 months under 12 months,1286709.00,10571344.00,12182164.00,1614851.00,2005.00,losses,11 months under 12 months,
1 year or more [2],372007.00,4671256.00,5753184.00,1089424.00,2005.00,losses,1 year or more [2],
Holding period not determinable,4613026.00,785189651.00,802598391.00,22137616.00,2005.00,losses,Holding period not determinable,
Long-term transactions,,,, ,2005.00,losses,Long-term transactions,
Total:,31123729.00,375302158.78,456645365.00,94464946.00,2005.00,losses,Total:,
Under 18 months [3],5991992.00,54776097.00,62167394.00,7618551.00,2005.00,losses,Under 18 months [3],
18 months under 2 years,3196170.00,29449242.00,33939435.00,4512307.00,2005.00,losses,18 months under 2 years,
2 years under 3 years,2954818.00,26704904.00,30931757.00,4210096.00,2005.00,losses,2 years under 3 years,
3 years under 4 years,2979948.00,19271849.00,24527767.00,5256669.00,2005.00,losses,3 years under 4 years,
4 years under 5 years,3042417.00,15473244.00,24906620.00,9591903.00,2005.00,losses,4 years under 5 years,
5 years under 10 years,5122503.00,31142966.78,48573955.00,18156809.00,2005.00,losses,5 years under 10 years,
10 years under 15 years,432574.00,4861457.00,6735974.00,1879404.00,2005.00,losses,10 years under 15 years,
15 years under 20 years,172497.00,1627685.00,2644580.00,1016796.00,2005.00,losses,15 years under 20 years,
20 years or more,179182.00,2688465.00,3501743.00,872134.00,2005.00,losses,20 years or more,
Holding period not determinable,7051628.00,189306249.00,218716140.00,41350277.00,2005.00,losses,Holding period not determinable,
Total:,47461166.00,1248322607.00,1308667759.00,66656153.00,2006.00,losses,Total:,
Under 1 month,12454515.00,277059442.00,290006853.00,12873862.00,2006.00,losses,Under 1 month,
1 month under 2 months,4876492.00,37306502.00,42623126.00,5516652.00,2006.00,losses,1 month under 2 months,
2 months under 3 months,3880146.00,33119536.00,37620546.00,4548244.00,2006.00,losses,2 months under 3 months,
3 months under 4 months,3181653.00,18158296.00,20512443.00,2450374.00,2006.00,losses,3 months under 4 months,
4 months under 5 months,3020122.00,19341067.00,21835045.00,2512114.00,2006.00,losses,4 months under 5 months,
5 months under 6 months,2754551.00,27239115.00,29767024.00,2553653.00,2006.00,losses,5 months under 6 months,
6 months under 7 months,2414459.00,15920231.00,18255692.00,2337787.00,2006.00,losses,6 months under 7 months,
7 months under 8 months,2165997.00,13405414.00,14927233.00,1526176.00,2006.00,losses,7 months under 8 months,
8 months under 9 months,1953440.00,15872567.00,18278340.00,2410816.00,2006.00,losses,8 months under 9 months,
9 months under 10 months,1730846.00,9960882.00,11309484.00,1348542.00,2006.00,losses,9 months under 10 months,
10 months under 11 months,1564063.00,10847413.00,12098144.00,1219117.00,2006.00,losses,10 months under 11 months,
11 months under 12 months,1362915.00,10101677.00,11196062.00,1175991.00,2006.00,losses,11 months under 12 months,
1 year or more [2],440914.00,5055422.00,5858378.00,803246.00,2006.00,losses,1 year or more [2],
Holding period not determinable,5661053.00,754935043.00,774379389.00,25379578.00,2006.00,losses,Holding period not determinable,
Long-term transactions,,,,,2006.00,losses,Long-term transactions,
Total:,31694682.00,302212229.00,373061835.00,80579874.00,2006.00,losses,Total:,
Under 18 months [3],6816679.00,55551376.00,62321894.00,7132820.00,2006.00,losses,Under 18 months [3],
18 months under 2 years,3919551.00,28687484.00,33262492.00,4582904.00,2006.00,losses,18 months under 2 years,
2 years under 3 years,4124807.00,38829516.00,45525220.00,6767556.00,2006.00,losses,2 years under 3 years,
3 years under 4 years,1865438.00,20504791.00,23555028.00,3058506.00,2006.00,losses,3 years under 4 years,
4 years under 5 years,1655327.00,17436837.00,20934689.00,3496891.00,2006.00,losses,4 years under 5 years,
5 years under 10 years,5734163.00,30961898.00,48921712.00,17995641.00,2006.00,losses,5 years under 10 years,
10 years under 15 years,543225.00,5198443.00,7602247.00,2405262.00,2006.00,losses,10 years under 15 years,
15 years under 20 years,169019.00,4941548.00,6087498.00,1145950.00,2006.00,losses,15 years under 20 years,
20 years or more,135532.00,2570605.00,3768352.00,1197794.00,2006.00,losses,20 years or more,
Holding period not determinable,6730941.00,97529731.00,121082703.00,32796550.00,2006.00,losses,Holding period not determinable,
Total:,47166207.66,1468542982.05,1546123231.88,89048160.38,2007.00,losses,Total:,
Under 1 month,13071263.06,237053918.04,245804019.15,11478673.82,2007.00,losses,Under 1 month,
1 month under 2 months,5022170.28,40094079.70,48702179.73,8563089.06,2007.00,losses,1 month under 2 months,
2 months under 3 months,3744426.03,27417949.07,32028772.75,4602453.28,2007.00,losses,2 months under 3 months,
3 months under 4 months,3329832.27,20947885.81,24306792.58,3346861.97,2007.00,losses,3 months under 4 months,
4 months under 5 months,2799530.41,18278951.65,21829157.21,3553853.01,2007.00,losses,4 months under 5 months,
5 months under 6 months,2342770.22,14343633.43,16809517.68,2460804.14,2007.00,losses,5 months under 6 months,
6 months under 7 months,2443475.59,18852299.53,23310518.34,4504849.67,2007.00,losses,6 months under 7 months,
7 months under 8 months,1844541.50,15178564.67,17443360.96,2250289.92,2007.00,losses,7 months under 8 months,
8 months under 9 months,1740013.46,13959196.70,16142161.51,2170028.22,2007.00,losses,8 months under 9 months,
9 months under 10 months,1707540.80,13579414.64,15671074.81,2090776.34,2007.00,losses,9 months under 10 months,
10 months under 11 months,1732413.73,13752900.92,15690430.26,1949061.34,2007.00,losses,10 months under 11 months,
11 months under 12 months,1371356.19,9916679.85,11580076.48,1652615.52,2007.00,losses,11 months under 12 months,
1 year or more [2],454594.84,23677112.27,25487997.64,1504858.09,2007.00,losses,1 year or more [2],
Holding period not determinable,5562279.28,1001490395.77,1031317172.78,38919946.00,2007.00,losses,Holding period not determinable,
Long-term transactions,,,,,2007.00,losses,Long-term transactions,
Total:,31133844.93,366239783.26,457030503.54,101402616.40,2007.00,losses,Total:,
Under 18 months [3],7134265.00,54792080.62,62377037.62,8072609.41,2007.00,losses,Under 18 months [3],
18 months under 2 years,4269303.88,33120912.63,38498482.92,5387118.33,2007.00,losses,18 months under 2 years,
2 years under 3 years,4466595.99,52456676.79,74127143.12,21552781.20,2007.00,losses,2 years under 3 years,
3 years under 4 years,2414747.75,25193265.75,29739972.90,4542233.99,2007.00,losses,3 years under 4 years,
4 years under 5 years,1132069.31,13910835.09,16408909.52,2485491.74,2007.00,losses,4 years under 5 years,
5 years under 10 years,4745491.63,37015808.39,51895878.23,14861015.58,2007.00,losses,5 years under 10 years,
10 years under 15 years,641177.60,24949230.80,32352962.58,7369343.82,2007.00,losses,10 years under 15 years,
15 years under 20 years,138323.57,2561667.19,4578000.62,2016136.22,2007.00,losses,15 years under 20 years,
20 years or more,138384.78,12306206.66,14169462.12,1863234.11,2007.00,losses,20 years or more,
Holding period not determinable,6053485.42,109933099.34,132882653.91,33252652.00,2007.00,losses,Holding period not determinable,
Total:,70375.00,1794917150.88,1711026489.55,136265940.97,2008.00,gains,Total:,
  Under 1 month,29715.79,535101819.13,533139648.25,27488152.68,2008.00,gains,  Under 1 month,
  1 month under 2 months,5511.74,110376255.31,105629863.15,5560691.81,2008.00,gains,  1 month under 2 months,
  2 months under 3 months,3629.45,75708704.50,72429122.53,3709241.37,2008.00,gains,  2 months under 3 months,
  3 months under 4 months,3024.68,64664602.20,62177218.71,2915792.04,2008.00,gains,  3 months under 4 months,
  4 months under 5 months,2550.07,38598872.31,36663652.34,2011143.51,2008.00,gains,  4 months under 5 months,
  5 months under 6 months,2144.44,41400099.95,39651873.95,1852151.89,2008.00,gains,  5 months under 6 months,
  6 months under 7 months,2440.68,47323404.56,45401468.86,2090819.28,2008.00,gains,  6 months under 7 months,
  7 months under 8 months,1789.34,27589381.04,25693413.39,1843874.10,2008.00,gains,  7 months under 8 months,
  8 months under 9 months,1769.70,26931007.53,24716582.78,2215149.85,2008.00,gains,  8 months under 9 months,
  9 months under 10 months,1606.88,37625632.34,36170014.61,1453365.05,2008.00,gains,  9 months under 10 months,
  10 months under 11 months,1457.27,33190081.26,32022015.03,1390995.41,2008.00,gains,  10 months under 11 months,
  11 months under 12 months,1409.56,24182050.60,21824473.92,2282132.83,2008.00,gains,  11 months under 12 months,
  1 year or more [2],584.37,76816268.96,73143511.19,3751803.86,2008.00,gains,  1 year or more [2],
   Period not determinable,12741.03,655408971.19,602363630.84,77700627.28,2008.00,gains,   Period not determinable,
Long-term transactions,,,,,2008.00,gains,Long-term transactions,
Total:,74501.48,1292375834.66,874485506.97,640492563.53,2008.00,gains,Total:,
  Under 18 months [3],9636.88,136365733.83,117353612.29,18937143.14,2008.00,gains,  Under 18 months [3],
  18 months under 2 years,7255.03,75236743.35,62631630.29,12315391.41,2008.00,gains,  18 months under 2 years,
  2 years under 3 years,10648.05,125162403.56,106162525.92,19473302.20,2008.00,gains,  2 years under 3 years,
  3 years under 4 years,5798.78,81317964.79,64542236.40,16102054.65,2008.00,gains,  3 years under 4 years,
  4 years under 5 years,3603.65,57729162.06,42489293.63,14134703.76,2008.00,gains,  4 years under 5 years,
  5 years under 10 years,7757.22,180013811.09,120424423.73,52405172.71,2008.00,gains,  5 years under 10 years,
  10 years under 15 years,2267.43,61912683.99,28767223.23,28826642.86,2008.00,gains,  10 years under 15 years,
  15 years under 20 years,844.28,43919697.54,17038221.40,23601787.42,2008.00,gains,  15 years under 20 years,
  20 years or more,1145.10,76488805.97,22252655.98,45151256.12,2008.00,gains,  20 years or more,
  Period not determinable,25545.06,454228828.50,292823684.10,409545109.27,2008.00,gains,  Period not determinable,
  Under 1 month,26883.97,437517052.44,490236012.26,19555300.16,2009.00,gains,  Under 1 month,
  1 month under 2 months,7176.59,78355097.67,72478173.00,6768546.95,2009.00,gains,  1 month under 2 months,
  2 months under 3 months,5636.11,49975120.02,45364265.40,4798758.56,2009.00,gains,  2 months under 3 months,
  3 months under 4 months,5113.47,59946189.03,55443275.53,4635083.57,2009.00,gains,  3 months under 4 months,
  4 months under 5 months,4472.31,39945768.17,35731917.13,4320100.77,2009.00,gains,  4 months under 5 months,
  5 months under 6 months,3981.83,37658218.71,33667289.88,4140381.64,2009.00,gains,  5 months under 6 months,
  6 months under 7 months,3594.53,47856293.54,44012099.98,3894951.08,2009.00,gains,  6 months under 7 months,
  7 months under 8 months,3203.45,24001072.06,20658850.42,3386376.26,2009.00,gains,  7 months under 8 months,
  8 months under 9 months,2455.39,22954800.07,19753223.86,3236024.80,2009.00,gains,  8 months under 9 months,
  9 months under 10 months,2255.46,27030400.30,24555143.47,2490197.34,2009.00,gains,  9 months under 10 months,
  10 months under 11 months,1780.42,17493277.92,15579911.02,2097345.27,2009.00,gains,  10 months under 11 months,
  11 months under 12 months,1550.38,22012325.51,20264395.71,1568858.85,2009.00,gains,  11 months under 12 months,
  1 year or more [2],632.22,74626539.84,72131534.92,2532207.70,2009.00,gains,  1 year or more [2],
   Period not determinable,22380.13,750068739.43,694785757.54,109466199.14,2009.00,gains,   Period not determinable,
Long-term transactions,,,,,2009.00,gains,Long-term transactions,
Total:,41035.11,808551616.08,582642176.20,317952345.05,2009.00,gains,Total:,
  Under 18 months [3],5943.74,84432396.58,77729145.34,7033287.26,2009.00,gains,  Under 18 months [3],
  18 months under 2 years,2675.40,43251988.00,39687201.15,4149896.20,2009.00,gains,  18 months under 2 years,
  2 years under 3 years,3857.79,68895146.87,61134333.38,9064937.96,2009.00,gains,  2 years under 3 years,
  3 years under 4 years,3014.53,50297692.61,43081004.09,8611083.66,2009.00,gains,  3 years under 4 years,
  4 years under 5 years,2090.68,42593989.41,35203421.58,8160740.13,2009.00,gains,  4 years under 5 years,
  5 years under 10 years,5683.21,116204076.02,86573877.40,26347629.46,2009.00,gains,  5 years under 10 years,
  10 years under 15 years,1783.54,53768112.91,30298203.34,18988006.86,2009.00,gains,  10 years under 15 years,
  15 years under 20 years,748.55,28383733.43,12450653.42,13539715.12,2009.00,gains,  15 years under 20 years,
  20 years or more,947.37,55608370.34,22239146.96,26386328.09,2009.00,gains,  20 years or more,
  Period not determinable,14290.30,265116109.93,174245189.55,195670720.30,2009.00,gains,  Period not determinable,
Total,71856.16,1805640322.27,1717538322.85,126023236.83,2010.00,gains,Total,
  Under 1 month,20178.28,315241709.67,308366322.11,10523347.04,2010.00,gains,  Under 1 month,
  1 month under 2 months,5834.59,64332605.70,60443558.04,4116426.25,2010.00,gains,  1 month under 2 months,
  2 months under 3 months,4127.20,44697755.82,41882885.48,3090484.56,2010.00,gains,  2 months under 3 months,
  3 months under 4 months,3750.86,55455852.06,53005088.50,2524314.91,2010.00,gains,  3 months under 4 months,
  4 months under 5 months,3362.82,31855480.28,29350919.26,2460880.04,2010.00,gains,  4 months under 5 months,
  5 months under 6 months,2943.14,27914455.52,25808378.28,2123574.05,2010.00,gains,  5 months under 6 months,
  6 months under 7 months,3161.87,59537830.49,57349908.01,2367371.90,2010.00,gains,  6 months under 7 months,
  7 months under 8 months,2775.99,23816062.73,21850745.72,2056935.44,2010.00,gains,  7 months under 8 months,
  8 months under 9 months,2578.63,24346155.22,22093397.97,2402060.76,2010.00,gains,  8 months under 9 months,
  9 months under 10 months,2611.45,28063132.05,25920022.71,2415321.26,2010.00,gains,  9 months under 10 months,
  10 months under 11 months,2531.18,20065900.31,17789478.56,2320136.06,2010.00,gains,  10 months under 11 months,
  11 months under 12 months,2542.22,25429174.80,23258878.29,2181275.39,2010.00,gains,  11 months under 12 months,
  1 year or more [2],785.03,51589517.01,49251597.44,2383713.87,2010.00,gains,  1 year or more [2],
   Period not determinable,14672.90,1033294690.60,981167142.49,85057395.30,2010.00,gains,   Period not determinable,
Long-term transactions,,,,,2010.00,gains,Long-term transactions,
Total,64412.06,1535152793.30,1152509926.76,514248433.92,2010.00,gains,Total,
  Under 18 months [3],14352.68,156651880.20,133897442.81,22600234.61,2010.00,gains,  Under 18 months [3],
  18 months under 2 years,7471.62,99311692.77,85867994.75,13888875.50,2010.00,gains,  18 months under 2 years,
  2 years under 3 years,5765.27,149288432.96,138825147.46,12062362.60,2010.00,gains,  2 years under 3 years,
  3 years under 4 years,2852.40,67351815.58,60447231.66,9064846.04,2010.00,gains,  3 years under 4 years,
  4 years under 5 years,2355.46,55429305.17,43789709.47,7384569.76,2010.00,gains,  4 years under 5 years,
  5 years under 10 years,6037.97,149298127.18,122450956.63,26658010.69,2010.00,gains,  5 years under 10 years,
  10 years under 15 years,2041.97,71190135.99,46351415.85,20977912.41,2010.00,gains,  10 years under 15 years,
  15 years under 20 years,792.12,30813808.26,15543007.00,12600640.74,2010.00,gains,  15 years under 20 years,
  20 years or more,984.30,62639298.89,22058699.92,33726031.29,2010.00,gains,  20 years or more,
  Period not determinable,21758.27,693178296.30,483278321.21,355284950.29,2010.00,gains,  Period not determinable,
Total,74975.78,1748035006.06,1700404482.66,116190790.33,2011.00,gains,Total,
  Under 1 month,24963.46,353935171.29,351413039.05,13467377.28,2011.00,gains,  Under 1 month,
  1 month under 2 months,6336.34,67443361.58,64391057.30,4015885.92,2011.00,gains,  1 month under 2 months,
  2 months under 3 months,4807.52,47277795.42,44191997.26,3411991.51,2011.00,gains,  2 months under 3 months,
  3 months under 4 months,4004.03,57487088.39,54678897.43,2974184.24,2011.00,gains,  3 months under 4 months,
  4 months under 5 months,3189.10,29351490.61,27082002.51,2330802.85,2011.00,gains,  4 months under 5 months,
  5 months under 6 months,2960.90,25894176.55,23616065.26,2376627.07,2011.00,gains,  5 months under 6 months,
  6 months under 7 months,2850.05,38814099.10,36417511.52,2461813.87,2011.00,gains,  6 months under 7 months,
  7 months under 8 months,2690.70,40951576.96,38688171.38,2339326.78,2011.00,gains,  7 months under 8 months,
  8 months under 9 months,2509.65,19125432.46,17273682.58,1826751.44,2011.00,gains,  8 months under 9 months,
  9 months under 10 months,2480.45,18918000.18,17188592.70,1893729.40,2011.00,gains,  9 months under 10 months,
  10 months under 11 months,2396.88,22035105.81,20246040.80,1744819.33,2011.00,gains,  10 months under 11 months,
  11 months under 12 months,2193.91,22703088.63,21178851.48,1821596.98,2011.00,gains,  11 months under 12 months,
  1 year or more [2],816.53,50520257.23,47410594.17,3419835.35,2011.00,gains,  1 year or more [2],
   Period not determinable,12776.23,953578361.86,936627979.22,72106048.31,2011.00,gains,   Period not determinable,
Long-term transactions,,,,,2011.00,gains,Long-term transactions,
Total,78446.96,1531535459.43,1203030567.77,542032149.77,2011.00,gains,Total,
  Under 18 months [3],13356.51,125081683.06,109097417.64,15664529.71,2011.00,gains,  Under 18 months [3],
  18 months under 2 years,9034.10,99337477.33,82479150.26,16265738.65,2011.00,gains,  18 months under 2 years,
  2 years under 3 years,12011.40,150933813.61,125161151.22,25730654.26,2011.00,gains,  2 years under 3 years,
  3 years under 4 years,3949.59,84816642.38,73591196.27,11452990.26,2011.00,gains,  3 years under 4 years,
  4 years under 5 years,2388.69,48553864.12,40610298.94,8880612.84,2011.00,gains,  4 years under 5 years,
  5 years under 10 years,6702.26,159065272.55,130544652.17,27909672.70,2011.00,gains,  5 years under 10 years,
  10 years under 15 years,2325.44,80487481.31,53296263.18,22968880.27,2011.00,gains,  10 years under 15 years,
  15 years under 20 years,780.81,27652320.59,14150679.46,11291777.52,2011.00,gains,  15 years under 20 years,
  20 years or more,913.45,61401406.70,25767032.40,27947137.23,2011.00,gains,  20 years or more,
  Period not determinable,26984.69,694205497.78,548332726.22,373920156.34,2011.00,gains,  Period not determinable,
Total,82810.77,1420384355.71,1379242466.91,98678301.21,2012.00,gains,Total,
  Under 1 month,20429.68,354647147.52,349630563.67,12185718.49,2012.00,gains,  Under 1 month,
  1 month under 2 months,6331.67,56907199.03,54917384.94,3921290.45,2012.00,gains,  1 month under 2 months,
  2 months under 3 months,4894.10,38101062.34,35829752.93,2725685.57,2012.00,gains,  2 months under 3 months,
  3 months under 4 months,4652.21,32914928.07,31095221.50,2417293.55,2012.00,gains,  3 months under 4 months,
  4 months under 5 months,3805.20,26007005.22,24007687.40,2202328.20,2012.00,gains,  4 months under 5 months,
  5 months under 6 months,3863.80,27463223.51,25484972.36,2225939.26,2012.00,gains,  5 months under 6 months,
  6 months under 7 months,3710.02,30069829.21,28024393.76,2343819.34,2012.00,gains,  6 months under 7 months,
  7 months under 8 months,3364.63,21198371.92,19631746.90,1790476.78,2012.00,gains,  7 months under 8 months,
  8 months under 9 months,2755.45,18217622.17,16613062.14,1573507.13,2012.00,gains,  8 months under 9 months,
  9 months under 10 months,2872.64,22151703.79,20743640.96,1683607.01,2012.00,gains,  9 months under 10 months,
  10 months under 11 months,2701.79,18959090.92,17195715.22,1638794.80,2012.00,gains,  10 months under 11 months,
  11 months under 12 months,2795.34,20376119.68,18907750.74,1643463.45,2012.00,gains,  11 months under 12 months,
  1 year or more [2],1051.23,24372762.99,21580748.91,3201331.93,2012.00,gains,  1 year or more [2],
   Period not determinable,19582.99,728998289.35,715579825.49,59125045.27,2012.00,gains,   Period not determinable,
Long-term transactions,,,,,2012.00,gains,Long-term transactions,
Total,90463.87,1527625995.26,1081519310.63,745745186.11,2012.00,gains,Total,
  Under 18 months [3],13588.03,115255122.12,98755561.89,16842310.74,2012.00,gains,  Under 18 months [3],
  18 months under 2 years,9429.03,72063017.62,60475979.83,11405256.95,2012.00,gains,  18 months under 2 years,
  2 years under 3 years,13118.23,120451758.46,97824715.34,22085513.79,2012.00,gains,  2 years under 3 years,
  3 years under 4 years,8342.80,96348437.44,73872288.96,22317229.17,2012.00,gains,  3 years under 4 years,
  4 years under 5 years,3572.15,64934123.41,52414516.77,13564392.34,2012.00,gains,  4 years under 5 years,
  5 years under 10 years,7410.04,198269353.44,156168657.90,45903333.82,2012.00,gains,  5 years under 10 years,
  10 years under 15 years,2691.67,102823875.04,61637597.72,34272118.60,2012.00,gains,  10 years under 15 years,
  15 years under 20 years,994.74,50317333.60,23436171.45,21657870.47,2012.00,gains,  15 years under 20 years,
  20 years or more,1173.69,109094859.48,37071263.44,61005279.90,2012.00,gains,  20 years or more,
  Period not determinable,30143.49,598068114.66,419862557.32,496691880.32,2012.00,gains,  Period not determinable,
Total:,126178.95,1998064587.05,2259011207.60,320496207.52,2008.00,losses,Total:,
  Under 1 month,19394.04,276956887.76,306728851.92,29754155.86,2008.00,losses,  Under 1 month,
  1 month under 2 months,8627.03,63434374.91,76164869.75,12539554.30,2008.00,losses,  1 month under 2 months,
  2 months under 3 months,7606.83,45099158.50,55748850.89,10552619.91,2008.00,losses,  2 months under 3 months,
  3 months under 4 months,7058.86,43162777.12,52671245.91,9528537.06,2008.00,losses,  3 months under 4 months,
  4 months under 5 months,5962.66,34659158.45,44697175.07,9750344.19,2008.00,losses,  4 months under 5 months,
  5 months under 6 months,5672.47,32480530.81,41847242.84,9358200.26,2008.00,losses,  5 months under 6 months,
  6 months under 7 months,5620.02,38598161.77,48555621.25,9882162.97,2008.00,losses,  6 months under 7 months,
  7 months under 8 months,5016.62,46781683.50,55087515.89,8066642.03,2008.00,losses,  7 months under 8 months,
  8 months under 9 months,4650.44,33406824.25,41387918.58,7969954.01,2008.00,losses,  8 months under 9 months,
  9 months under 10 months,4563.53,22545292.55,31166468.04,8572291.18,2008.00,losses,  9 months under 10 months,
  10 months under 11 months,4168.71,38129331.15,46193234.49,8058081.06,2008.00,losses,  10 months under 11 months,
  11 months under 12 months,4162.62,40597090.97,48991040.93,8468115.39,2008.00,losses,  11 months under 12 months,
  1 year or more [2],1243.66,54604262.51,60513780.44,5817101.31,2008.00,losses,  1 year or more [2],
   Period not determinable,42431.45,1227609052.80,1349257391.60,182178448.00,2008.00,losses,   Period not determinable,
Long-term transactions,,,,,2008.00,losses,Long-term transactions,
Total:,73503.49,677259440.17,909757887.88,271135135.58,2008.00,losses,Total:,
  Under 18 months [3],17937.76,98544664.66,134943381.14,36348537.33,2008.00,losses,  Under 18 months [3],
  18 months under 2 years,11322.93,55518871.73,76141838.59,20705667.79,2008.00,losses,  18 months under 2 years,
  2 years under 3 years,12501.41,69603363.93,95962144.69,25935020.29,2008.00,losses,  2 years under 3 years,
  3 years under 4 years,6029.93,42393408.76,56655195.66,14267114.33,2008.00,losses,  3 years under 4 years,
  4 years under 5 years,3265.54,26765226.53,36989503.07,10134654.59,2008.00,losses,  4 years under 5 years,
  5 years under 10 years,6573.80,40965888.47,61174860.34,20179982.94,2008.00,losses,  5 years under 10 years,
  10 years under 15 years,1245.80,7800721.91,12459360.99,4639839.82,2008.00,losses,  10 years under 15 years,
  15 years under 20 years,275.61,3490195.25,4893349.38,1418551.93,2008.00,losses,  15 years under 20 years,
  20 years or more,161.13,1862342.13,3508812.09,1646811.26,2008.00,losses,  20 years or more,
  Period not determinable,14189.58,330314756.81,427029441.93,135858955.30,2008.00,losses,  Period not determinable,
  Under 1 month,13652.17,195443491.53,210234060.00,15373781.38,2009.00,losses,  Under 1 month,
  1 month under 2 months,4941.44,33757506.59,39644573.23,5864292.32,2009.00,losses,  1 month under 2 months,
  2 months under 3 months,4165.53,25668223.06,30677780.25,5021537.19,2009.00,losses,  2 months under 3 months,
  3 months under 4 months,3544.67,21460652.79,26127312.89,4671630.58,2009.00,losses,  3 months under 4 months,
  4 months under 5 months,3416.26,14860783.90,18640752.92,3813362.27,2009.00,losses,  4 months under 5 months,
  5 months under 6 months,2618.07,12454780.87,16345449.97,3891820.03,2009.00,losses,  5 months under 6 months,
  6 months under 7 months,2716.54,14718663.47,18359762.27,3606276.36,2009.00,losses,  6 months under 7 months,
  7 months under 8 months,2564.52,13729372.39,17437033.61,3724524.58,2009.00,losses,  7 months under 8 months,
  8 months under 9 months,2265.68,9091433.58,12974519.15,3892373.56,2009.00,losses,  8 months under 9 months,
  9 months under 10 months,2403.55,9528161.39,13408627.09,3918238.80,2009.00,losses,  9 months under 10 months,
  10 months under 11 months,2619.84,11175314.76,14959246.45,3795750.37,2009.00,losses,  10 months under 11 months,
  11 months under 12 months,2743.05,13217984.51,16948712.97,3742818.57,2009.00,losses,  11 months under 12 months,
  1 year or more [2],869.57,38347802.64,41717934.34,3232196.69,2009.00,losses,  1 year or more [2],
   Period not determinable,14509.57,900542753.43,971072544.83,92770083.47,2009.00,losses,   Period not determinable,
Long-term transactions,,,, ,2009.00,losses,Long-term transactions,
Total:,68915.28,538028543.47,767159032.06,296516335.24,2009.00,losses,Total:,
  Under 18 months [3],16371.76,75253708.59,105577115.04,30384633.07,2009.00,losses,  Under 18 months [3],
  18 months under 2 years,10175.47,40381560.41,59333461.15,19066990.62,2009.00,losses,  18 months under 2 years,
  2 years under 3 years,11514.60,52749915.10,79006533.30,26118278.64,2009.00,losses,  2 years under 3 years,
  3 years under 4 years,6037.67,32206661.83,47010467.44,14796410.66,2009.00,losses,  3 years under 4 years,
  4 years under 5 years,3191.41,24522431.60,35569806.28,10991764.36,2009.00,losses,  4 years under 5 years,
  5 years under 10 years,5685.24,35597922.99,53503425.62,17940277.18,2009.00,losses,  5 years under 10 years,
  10 years under 15 years,1318.79,6790939.81,11779400.82,5009346.32,2009.00,losses,  10 years under 15 years,
  15 years under 20 years,232.72,2634714.81,3735988.62,1067859.53,2009.00,losses,  15 years under 20 years,
  20 years or more,227.59,1453299.60,3020863.39,1567536.55,2009.00,losses,  20 years or more,
  Period not determinable,14160.02,266437388.73,368621970.39,169573238.30,2009.00,losses,  Period not determinable,
Total,42924.43,1454140711.39,1525571792.73,82597310.17,2010.00,losses,Total,
  Under 1 month,12563.83,201532815.17,211137909.73,10686127.66,2010.00,losses,  Under 1 month,
  1 month under 2 months,4029.14,47385861.56,52074430.11,4708075.66,2010.00,losses,  1 month under 2 months,
  2 months under 3 months,2950.22,28534097.39,31318992.68,2828743.88,2010.00,losses,  2 months under 3 months,
  3 months under 4 months,2603.73,24605986.76,26984980.85,2260801.65,2010.00,losses,  3 months under 4 months,
  4 months under 5 months,2419.45,17034783.28,19062502.25,2050549.44,2010.00,losses,  4 months under 5 months,
  5 months under 6 months,1959.23,16666349.41,18718585.30,2058562.69,2010.00,losses,  5 months under 6 months,
  6 months under 7 months,1667.85,16845736.93,18405094.60,1565109.22,2010.00,losses,  6 months under 7 months,
  7 months under 8 months,1564.76,12910873.65,14566428.57,1666819.08,2010.00,losses,  7 months under 8 months,
  8 months under 9 months,1287.35,12023430.76,13346135.15,1370648.21,2010.00,losses,  8 months under 9 months,
  9 months under 10 months,1089.97,10555305.91,11575587.36,1144580.45,2010.00,losses,  9 months under 10 months,
  10 months under 11 months,954.28,8279188.05,9509232.89,1266616.51,2010.00,losses,  10 months under 11 months,
  11 months under 12 months,792.26,11770117.77,12815718.05,1046956.48,2010.00,losses,  11 months under 12 months,
  1 year or more [2],304.16,121522094.59,126342068.68,4839642.83,2010.00,losses,  1 year or more [2],
   Period not determinable,8738.20,924474070.15,959714126.52,45104076.41,2010.00,losses,   Period not determinable,
Long-term transactions,,,,,2010.00,losses,Long-term transactions,
Total,39026.30,552665067.92,693058991.71,184267728.81,2010.00,losses,Total,
  Under 18 months [3],3485.81,80113428.74,85791857.16,5615651.80,2010.00,losses,  Under 18 months [3],
  18 months under 2 years,3860.45,31143083.09,38441759.47,7328898.02,2010.00,losses,  18 months under 2 years,
  2 years under 3 years,7962.05,61236432.03,80939674.46,19562606.81,2010.00,losses,  2 years under 3 years,
  3 years under 4 years,4527.98,39221974.57,53770753.53,15415518.91,2010.00,losses,  3 years under 4 years,
  4 years under 5 years,2473.94,28240179.32,40275170.11,11891199.62,2010.00,losses,  4 years under 5 years,
  5 years under 10 years,4039.76,44414149.53,61440280.50,17181777.08,2010.00,losses,  5 years under 10 years,
  10 years under 15 years,1338.89,10193588.23,16265374.28,6119020.01,2010.00,losses,  10 years under 15 years,
  15 years under 20 years,225.29,2891333.21,4385182.32,1504167.62,2010.00,losses,  15 years under 20 years,
  20 years or more,164.32,2567116.59,4370541.91,1884851.04,2010.00,losses,  20 years or more,
  Period not determinable,10947.81,252643782.63,307378397.97,97764037.91,2010.00,losses,  Period not determinable,
Total,58307.40,2250716287.17,2389262651.39,124316943.37,2011.00,losses,Total,
  Under 1 month,13189.77,202032998.08,216504237.76,13550143.94,2011.00,losses,  Under 1 month,
  1 month under 2 months,4808.82,39695786.40,44693153.70,4805523.17,2011.00,losses,  1 month under 2 months,
  2 months under 3 months,3839.09,28638816.40,32687464.81,3976557.70,2011.00,losses,  2 months under 3 months,
  3 months under 4 months,3563.82,27863010.80,31602794.94,3682079.92,2011.00,losses,  3 months under 4 months,
  4 months under 5 months,3118.89,21796663.92,25789278.26,3965197.68,2011.00,losses,  4 months under 5 months,
  5 months under 6 months,2638.08,21554784.37,24965750.53,3400989.65,2011.00,losses,  5 months under 6 months,
  6 months under 7 months,2398.09,48904261.14,52277070.53,3323255.43,2011.00,losses,  6 months under 7 months,
  7 months under 8 months,2170.21,29988166.07,33078184.69,3149089.20,2011.00,losses,  7 months under 8 months,
  8 months under 9 months,1849.02,15378527.30,17825256.35,2483149.06,2011.00,losses,  8 months under 9 months,
  9 months under 10 months,1690.85,17121171.58,19378554.94,2192051.55,2011.00,losses,  9 months under 10 months,
  10 months under 11 months,1488.11,14269355.53,16453082.98,2184005.22,2011.00,losses,  10 months under 11 months,
  11 months under 12 months,1393.94,13886695.03,15869539.83,1976276.88,2011.00,losses,  11 months under 12 months,
  1 year or more [2],508.42,127126243.35,131972236.17,2676164.20,2011.00,losses,  1 year or more [2],
   Period not determinable,15650.29,1642459807.20,1726166045.90,72952459.80,2011.00,losses,   Period not determinable,
Long-term transactions,,,,,2011.00,losses,Long-term transactions,
Total,33827.25,525479096.01,658289624.70,166111487.50,2011.00,losses,Total,
  Under 18 months [3],5466.76,71427055.53,81075311.61,8634533.27,2011.00,losses,  Under 18 months [3],
  18 months under 2 years,2941.33,38759570.56,46193498.30,7485374.42,2011.00,losses,  18 months under 2 years,
  2 years under 3 years,3431.95,36715080.76,47213336.33,10543270.86,2011.00,losses,  2 years under 3 years,
  3 years under 4 years,4355.59,34936017.92,47553957.72,12732093.00,2011.00,losses,  3 years under 4 years,
  4 years under 5 years,2620.06,24899060.85,34669683.87,9944391.22,2011.00,losses,  4 years under 5 years,
  5 years under 10 years,4177.02,48651738.36,68874089.55,19939693.98,2011.00,losses,  5 years under 10 years,
  10 years under 15 years,1442.47,10022342.02,16229055.68,6226594.43,2011.00,losses,  10 years under 15 years,
  15 years under 20 years,201.14,3288001.10,4409296.84,1121435.36,2011.00,losses,  15 years under 20 years,
  20 years or more,143.96,5734287.11,7272759.25,1536807.69,2011.00,losses,  20 years or more,
  Period not determinable,9046.98,251045941.82,304798635.55,87947293.26,2011.00,losses,  Period not determinable,
Total,41997.44,1090036048.30,1185338651.57,73708874.92,2012.00,losses,Total,
  Under 1 month,10599.51,176122756.44,190819963.16,11687897.20,2012.00,losses,  Under 1 month,
  1 month under 2 months,3575.43,26804793.47,30394216.72,3505565.70,2012.00,losses,  1 month under 2 months,
  2 months under 3 months,2958.23,19810813.19,22547719.44,2716973.84,2012.00,losses,  2 months under 3 months,
  3 months under 4 months,2447.10,18600463.69,20954192.93,2304711.94,2012.00,losses,  3 months under 4 months,
  4 months under 5 months,2071.73,14168497.86,16195440.77,2038508.68,2012.00,losses,  4 months under 5 months,
  5 months under 6 months,1773.29,20047636.19,21856500.20,1712340.72,2012.00,losses,  5 months under 6 months,
  6 months under 7 months,1745.38,11871103.67,13546055.57,1731322.29,2012.00,losses,  6 months under 7 months,
  7 months under 8 months,1624.78,12331371.09,14009629.79,1620727.30,2012.00,losses,  7 months under 8 months,
  8 months under 9 months,1499.17,10165000.95,11700527.41,1524554.10,2012.00,losses,  8 months under 9 months,
  9 months under 10 months,1498.62,9145428.90,10786103.76,1626477.50,2012.00,losses,  9 months under 10 months,
  10 months under 11 months,1414.83,7938126.87,9410604.31,1460896.69,2012.00,losses,  10 months under 11 months,
  11 months under 12 months,1506.79,12699502.71,14563750.76,1825551.95,2012.00,losses,  11 months under 12 months,
  1 year or more [2],519.51,100216991.82,109565063.02,2857706.03,2012.00,losses,  1 year or more [2],
   Period not determinable,8763.07,650113561.45,698988883.74,37095640.98,2012.00,losses,   Period not determinable,
Long-term transactions,,,, ,2012.00,losses,Long-term transactions,
Total,32664.42,405509672.05,528419178.91,130837722.34,2012.00,losses,Total,
  Under 18 months [3],7337.80,60665158.07,70078030.91,8930511.18,2012.00,losses,  Under 18 months [3],
  18 months under 2 years,3901.62,74175185.79,94656583.13,5940313.65,2012.00,losses,  18 months under 2 years,
  2 years under 3 years,3282.15,24951785.14,31151501.23,6230883.70,2012.00,losses,  2 years under 3 years,
  3 years under 4 years,1786.31,16173629.80,21568558.27,5362987.81,2012.00,losses,  3 years under 4 years,
  4 years under 5 years,2343.36,20164455.13,28538634.30,8444958.09,2012.00,losses,  4 years under 5 years,
  5 years under 10 years,3781.84,45673555.55,69663083.24,24037681.90,2012.00,losses,  5 years under 10 years,
  10 years under 15 years,1349.07,13452561.58,19815311.92,6348252.40,2012.00,losses,  10 years under 15 years,
  15 years under 20 years,241.08,2572600.72,4633703.03,2070525.09,2012.00,losses,  15 years under 20 years,
  20 years or more,111.10,2611391.91,4155931.66,1560221.72,2012.00,losses,  20 years or more,
  Period not determinable,8530.08,145069348.37,184157841.22,61911386.81,2012.00,losses,  Period not determinable,
